Model,Accuracy,Precision,Recall,F1-Score,AUC
Neural Network (Baseline),0.7856635911994322,0.6132075471698113,0.5213903743315508,0.5635838150289018,0.8358805445761966
Neural Network (Weighted),0.7253371185237757,0.48869565217391303,0.7513368983957219,0.5922023182297155,0.8187708284894986
